code,system
9950001,gprdproduct
2913007,gprdproduct
3111003,gprdproduct
14250001,gprdproduct
3111001,gprdproduct
2960009,gprdproduct
2958009,gprdproduct
3805009,gprdproduct
14539001,gprdproduct
14248001,gprdproduct
3900007,gprdproduct
2167011,gprdproduct
3803009,gprdproduct
2167009,gprdproduct
12187001,gprdproduct
5984009,gprdproduct
5959009,gprdproduct
6201009,gprdproduct
6202009,gprdproduct
6025009,gprdproduct
6024009,gprdproduct
6863001,gprdproduct
6863002,gprdproduct
5985009,gprdproduct
5958009,gprdproduct
11491001,gprdproduct
11491003,gprdproduct
4287009,gprdproduct
3320011,gprdproduct
5277009,gprdproduct
5173009,gprdproduct
2166011,gprdproduct
4286009,gprdproduct
5139009,gprdproduct
5138009,gprdproduct
2180009,gprdproduct
5137009,gprdproduct
3321009,gprdproduct
5172009,gprdproduct
2205011,gprdproduct
5270009,gprdproduct
2166009,gprdproduct
2205009,gprdproduct
5875009,gprdproduct
3338011,gprdproduct
5272009,gprdproduct
5286009,gprdproduct
3339009,gprdproduct
2180011,gprdproduct
5439009,gprdproduct
5438009,gprdproduct
6067009,gprdproduct
6068009,gprdproduct
12775001,gprdproduct
4897009,gprdproduct
12776001,gprdproduct
5027009,gprdproduct
5637009,gprdproduct
4956009,gprdproduct
5639009,gprdproduct
4861009,gprdproduct
6606009,gprdproduct
4849009,gprdproduct
5396001,gprdproduct
5396002,gprdproduct
6431001,gprdproduct
5364009,gprdproduct
11558001,gprdproduct
5132001,gprdproduct
6432001,gprdproduct
12627001,gprdproduct
5682009,gprdproduct
5166009,gprdproduct
5662009,gprdproduct
6071003,gprdproduct
5638009,gprdproduct
4871009,gprdproduct
1846001,gprdproduct
5363009,gprdproduct
5683009,gprdproduct
11285001,gprdproduct
5668009,gprdproduct
6655009,gprdproduct
5661009,gprdproduct
5490009,gprdproduct
5488009,gprdproduct
5660009,gprdproduct
5396003,gprdproduct
5132003,gprdproduct
4938009,gprdproduct
4898009,gprdproduct
4850009,gprdproduct
5669009,gprdproduct
12378001,gprdproduct
5366009,gprdproduct
4864009,gprdproduct
6071002,gprdproduct
6432002,gprdproduct
5132002,gprdproduct
4896009,gprdproduct
6431002,gprdproduct
5860001,gprdproduct
12377001,gprdproduct
5487009,gprdproduct
4955009,gprdproduct
4940009,gprdproduct
6605009,gprdproduct
12629001,gprdproduct
4862009,gprdproduct
4860009,gprdproduct
4863009,gprdproduct
4941009,gprdproduct
5165009,gprdproduct
4957009,gprdproduct
11566001,gprdproduct
4866009,gprdproduct
11574001,gprdproduct
5640009,gprdproduct
12628001,gprdproduct
4939009,gprdproduct
8934001,gprdproduct
4954009,gprdproduct
6071001,gprdproduct
4853009,gprdproduct
12774001,gprdproduct
5667009,gprdproduct
5663009,gprdproduct
9259002,gprdproduct
9259001,gprdproduct
4899009,gprdproduct
12773001,gprdproduct
5365009,gprdproduct
6432003,gprdproduct
4854009,gprdproduct
4870009,gprdproduct
4865009,gprdproduct
14249001,gprdproduct
5684009,gprdproduct
4872009,gprdproduct
6656009,gprdproduct
5666009,gprdproduct
6431003,gprdproduct
5681009,gprdproduct
5164009,gprdproduct
5489009,gprdproduct
6116009,gprdproduct
6115009,gprdproduct
2178011,gprdproduct
2178009,gprdproduct
1783003,gprdproduct
615001,gprdproduct
727001,gprdproduct
5247001,gprdproduct
615002,gprdproduct
2939001,gprdproduct
12300001,gprdproduct
5246003,gprdproduct
2640001,gprdproduct
1122003,gprdproduct
10897003,gprdproduct
12100001,gprdproduct
6251002,gprdproduct
615003,gprdproduct
6251001,gprdproduct
4592009,gprdproduct
1830001,gprdproduct
8219001,gprdproduct
4926009,gprdproduct
12935001,gprdproduct
5130001,gprdproduct
3111002,gprdproduct
3725010,gprdproduct
5280009,gprdproduct
2180010,gprdproduct
5136009,gprdproduct
6663009,gprdproduct
9554002,gprdproduct
5047009,gprdproduct
5437009,gprdproduct
11650002,gprdproduct
9466001,gprdproduct
1783001,gprdproduct
2860010,gprdproduct
4852009,gprdproduct
9589002,gprdproduct
4606009,gprdproduct
3804009,gprdproduct
12094001,gprdproduct
3436010,gprdproduct
3341010,gprdproduct
3341009,gprdproduct
13101001,gprdproduct
2166010,gprdproduct
4297009,gprdproduct
5246002,gprdproduct
3309010,gprdproduct
5436009,gprdproduct
12099001,gprdproduct
5248002,gprdproduct
5745009,gprdproduct
4851009,gprdproduct
3312009,gprdproduct
12298001,gprdproduct
3097009,gprdproduct
5282009,gprdproduct
4680009,gprdproduct
2205010,gprdproduct
5100009,gprdproduct
5729009,gprdproduct
3694010,gprdproduct
3698010,gprdproduct
5246001,gprdproduct
5250002,gprdproduct
4314009,gprdproduct
148002,gprdproduct
3320009,gprdproduct
4944009,gprdproduct
10941002,gprdproduct
1783002,gprdproduct
5588009,gprdproduct
12098001,gprdproduct
8219002,gprdproduct
5744009,gprdproduct
11650001,gprdproduct
5589009,gprdproduct
5347009,gprdproduct
4209009,gprdproduct
10938001,gprdproduct
4607009,gprdproduct
2179010,gprdproduct
10930002,gprdproduct
3353009,gprdproduct
5426009,gprdproduct
3436009,gprdproduct
1528002,gprdproduct
4315009,gprdproduct
4276009,gprdproduct
5799009,gprdproduct
5171009,gprdproduct
4282009,gprdproduct
4210009,gprdproduct
4614009,gprdproduct
4308009,gprdproduct
5048009,gprdproduct
13545001,gprdproduct
3204003,gprdproduct
5425009,gprdproduct
3818009,gprdproduct
5087009,gprdproduct
4319009,gprdproduct
2167010,gprdproduct
3203001,gprdproduct
5348009,gprdproduct
1830002,gprdproduct
14821001,gprdproduct
6540002,gprdproduct
7112001,gprdproduct
2178010,gprdproduct
6662009,gprdproduct
4324009,gprdproduct
2168010,gprdproduct
5065009,gprdproduct
3819009,gprdproduct
4901009,gprdproduct
3031010,gprdproduct
12738001,gprdproduct
5066009,gprdproduct
4927009,gprdproduct
3320010,gprdproduct
3334009,gprdproduct
9423001,gprdproduct
10938002,gprdproduct
11491002,gprdproduct
3334010,gprdproduct
5446002,gprdproduct
8041001,gprdproduct
5733009,gprdproduct
5248001,gprdproduct
5051009,gprdproduct
4943009,gprdproduct
6102009,gprdproduct
12299001,gprdproduct
3203002,gprdproduct
5130002,gprdproduct
4902009,gprdproduct
2959009,gprdproduct
3725009,gprdproduct
3312010,gprdproduct
12095001,gprdproduct
3309009,gprdproduct
7112002,gprdproduct
5250001,gprdproduct
1941009,gprdproduct
4318009,gprdproduct
4309009,gprdproduct
2996010,gprdproduct
6540001,gprdproduct
6101009,gprdproduct
9554001,gprdproduct
4750009,gprdproduct
6082009,gprdproduct
4298009,gprdproduct
4364009,gprdproduct
1528001,gprdproduct
13861001,gprdproduct
4323009,gprdproduct
3698009,gprdproduct
5446001,gprdproduct
1122002,gprdproduct
3338010,gprdproduct
5604001,gprdproduct
6081009,gprdproduct
3097010,gprdproduct
4275009,gprdproduct
5484009,gprdproduct
5057009,gprdproduct
4363009,gprdproduct
5603001,gprdproduct
4600009,gprdproduct
4800009,gprdproduct
5058009,gprdproduct
3338009,gprdproduct
10897002,gprdproduct
5476009,gprdproduct
5475009,gprdproduct
6668009,gprdproduct
10694001,gprdproduct
6402002,gprdproduct
8555001,gprdproduct
3203007,gprdproduct
6669009,gprdproduct
14573001,gprdproduct
6402001,gprdproduct
13870001,gprdproduct
6670009,gprdproduct
2168011,gprdproduct
4317009,gprdproduct
4900009,gprdproduct
4903009,gprdproduct
4316009,gprdproduct
2168009,gprdproduct
3099009,gprdproduct
3097011,gprdproduct
3436011,gprdproduct
3437009,gprdproduct
2860009,gprdproduct
4616009,gprdproduct
4615009,gprdproduct
4609009,gprdproduct
2860011,gprdproduct
4608009,gprdproduct
3204002,gprdproduct
2640002,gprdproduct
5350009,gprdproduct
4358009,gprdproduct
6019009,gprdproduct
4325009,gprdproduct
2179009,gprdproduct
2179011,gprdproduct
3353010,gprdproduct
3353011,gprdproduct
5089009,gprdproduct
5746009,gprdproduct
5728009,gprdproduct
5349009,gprdproduct
4326009,gprdproduct
5088009,gprdproduct
5747009,gprdproduct
5730009,gprdproduct
6020009,gprdproduct
5090009,gprdproduct
1122001,gprdproduct
12093001,gprdproduct
6897001,gprdproduct
10897001,gprdproduct
4848009,gprdproduct
4925009,gprdproduct
12097001,gprdproduct
12297001,gprdproduct
4945009,gprdproduct
4942009,gprdproduct
4681009,gprdproduct
5249001,gprdproduct
5248003,gprdproduct
148001,gprdproduct
148003,gprdproduct
5604003,gprdproduct
5101009,gprdproduct
5055009,gprdproduct
5103009,gprdproduct
5054009,gprdproduct
7268001,gprdproduct
5059009,gprdproduct
5102009,gprdproduct
5604002,gprdproduct
5251001,gprdproduct
14463001,gprdproduct
4212009,gprdproduct
6104009,gprdproduct
13649001,gprdproduct
4311009,gprdproduct
5250003,gprdproduct
4310009,gprdproduct
4211009,gprdproduct
6103009,gprdproduct
5056009,gprdproduct
4278009,gprdproduct
4277009,gprdproduct
5060009,gprdproduct
4299009,gprdproduct
4300009,gprdproduct
5343009,gprdproduct
3334011,gprdproduct
4522009,gprdproduct
5342009,gprdproduct
3335009,gprdproduct
4749009,gprdproduct
9423002,gprdproduct
9423003,gprdproduct
4855009,gprdproduct
12096001,gprdproduct
4928009,gprdproduct
14504001,gprdproduct
14503001,gprdproduct
5064009,gprdproduct
5067009,gprdproduct
3341011,gprdproduct
3342009,gprdproduct
339002,gprdproduct
339001,gprdproduct
3331010,gprdproduct
3113009,gprdproduct
2206011,gprdproduct
3331009,gprdproduct
2206009,gprdproduct
3332009,gprdproduct
3331011,gprdproduct
12484001,gprdproduct
2206010,gprdproduct
12483001,gprdproduct
8041002,gprdproduct
11649001,gprdproduct
8041003,gprdproduct
11650003,gprdproduct
10575001,gprdproduct
11044001,gprdproduct
6401001,gprdproduct
6401002,gprdproduct
6862001,gprdproduct
6862002,gprdproduct
13103001,gprdproduct
13104001,gprdproduct
13102001,gprdproduct
4320009,gprdproduct
3031011,gprdproduct
3031009,gprdproduct
4321009,gprdproduct
9589001,gprdproduct
9589003,gprdproduct
9183002,gprdproduct
9183001,gprdproduct
10456001,gprdproduct
7112003,gprdproduct
671002,gprdproduct
5050009,gprdproduct
5851009,gprdproduct
5006009,gprdproduct
671001,gprdproduct
733001,gprdproduct
5007009,gprdproduct
14900001,gprdproduct
5049009,gprdproduct
6898001,gprdproduct
3313009,gprdproduct
2652007,gprdproduct
3204001,gprdproduct
6084009,gprdproduct
3203003,gprdproduct
3820009,gprdproduct
3309011,gprdproduct
3312011,gprdproduct
6083009,gprdproduct
3310009,gprdproduct
3821009,gprdproduct
5603002,gprdproduct
5603003,gprdproduct
7267001,gprdproduct
5131001,gprdproduct
5131002,gprdproduct
5478009,gprdproduct
3725011,gprdproduct
5587009,gprdproduct
3726009,gprdproduct
5477009,gprdproduct
5590009,gprdproduct
3698011,gprdproduct
3694009,gprdproduct
3699009,gprdproduct
3694011,gprdproduct
10941001,gprdproduct
10941003,gprdproduct
339003,gprdproduct
837001,gprdproduct
837002,gprdproduct
9182002,gprdproduct
9182001,gprdproduct
2508001,gprdproduct
6540003,gprdproduct
5424009,gprdproduct
5427009,gprdproduct
11542001,gprdproduct
11538001,gprdproduct
6664009,gprdproduct
9466002,gprdproduct
9466003,gprdproduct
2996011,gprdproduct
2996009,gprdproduct
10930001,gprdproduct
10930003,gprdproduct